filename,filepath,mood,reasons
energetic_10130284.mp4,energetic/energetic_10130284.mp4,energetic,features_missing_or_unreadable
energetic_10457339.mp4,energetic/energetic_10457339.mp4,energetic,features_missing_or_unreadable
energetic_12234963.mp4,energetic/energetic_12234963.mp4,energetic,features_missing_or_unreadable
energetic_12306838.mp4,energetic/energetic_12306838.mp4,energetic,features_missing_or_unreadable
energetic_12306893.mp4,energetic/energetic_12306893.mp4,energetic,features_missing_or_unreadable
energetic_12803292.mp4,energetic/energetic_12803292.mp4,energetic,features_missing_or_unreadable
energetic_16433717.mp4,energetic/energetic_16433717.mp4,energetic,features_missing_or_unreadable
energetic_16433718.mp4,energetic/energetic_16433718.mp4,energetic,features_missing_or_unreadable
energetic_17537942.mp4,energetic/energetic_17537942.mp4,energetic,features_missing_or_unreadable
energetic_19048946.mp4,energetic/energetic_19048946.mp4,energetic,features_missing_or_unreadable
energetic_19771786.mp4,energetic/energetic_19771786.mp4,energetic,features_missing_or_unreadable
energetic_26799945.mp4,energetic/energetic_26799945.mp4,energetic,features_missing_or_unreadable
energetic_27757817.mp4,energetic/energetic_27757817.mp4,energetic,features_missing_or_unreadable
energetic_28304681.mp4,energetic/energetic_28304681.mp4,energetic,features_missing_or_unreadable
energetic_29242606.mp4,energetic/energetic_29242606.mp4,energetic,features_missing_or_unreadable
energetic_29253103.mp4,energetic/energetic_29253103.mp4,energetic,features_missing_or_unreadable
energetic_29481814.mp4,energetic/energetic_29481814.mp4,energetic,features_missing_or_unreadable
energetic_29809992.mp4,energetic/energetic_29809992.mp4,energetic,features_missing_or_unreadable
energetic_30503738.mp4,energetic/energetic_30503738.mp4,energetic,features_missing_or_unreadable
energetic_30744542.mp4,energetic/energetic_30744542.mp4,energetic,features_missing_or_unreadable
energetic_31673749.mp4,energetic/energetic_31673749.mp4,energetic,features_missing_or_unreadable
energetic_32025191.mp4,energetic/energetic_32025191.mp4,energetic,features_missing_or_unreadable
energetic_32888682.mp4,energetic/energetic_32888682.mp4,energetic,features_missing_or_unreadable
energetic_32892563.mp4,energetic/energetic_32892563.mp4,energetic,features_missing_or_unreadable
energetic_33237143.mp4,energetic/energetic_33237143.mp4,energetic,features_missing_or_unreadable
energetic_33659788.mp4,energetic/energetic_33659788.mp4,energetic,features_missing_or_unreadable
energetic_35291926.mp4,energetic/energetic_35291926.mp4,energetic,features_missing_or_unreadable
energetic_35569745.mp4,energetic/energetic_35569745.mp4,energetic,features_missing_or_unreadable
energetic_35614269.mp4,energetic/energetic_35614269.mp4,energetic,features_missing_or_unreadable
energetic_35652544.mp4,energetic/energetic_35652544.mp4,energetic,features_missing_or_unreadable
energetic_35652545.mp4,energetic/energetic_35652545.mp4,energetic,features_missing_or_unreadable
energetic_36578163.mp4,energetic/energetic_36578163.mp4,energetic,features_missing_or_unreadable
energetic_36578167.mp4,energetic/energetic_36578167.mp4,energetic,features_missing_or_unreadable
energetic_4824402.mp4,energetic/energetic_4824402.mp4,energetic,features_missing_or_unreadable
energetic_4929277.mp4,energetic/energetic_4929277.mp4,energetic,features_missing_or_unreadable
energetic_5039701.mp4,energetic/energetic_5039701.mp4,energetic,features_missing_or_unreadable
energetic_5368763.mp4,energetic/energetic_5368763.mp4,energetic,features_missing_or_unreadable
energetic_5465269.mp4,energetic/energetic_5465269.mp4,energetic,features_missing_or_unreadable
energetic_5544054.mp4,energetic/energetic_5544054.mp4,energetic,features_missing_or_unreadable
energetic_5595352.mp4,energetic/energetic_5595352.mp4,energetic,features_missing_or_unreadable
energetic_5621365.mp4,energetic/energetic_5621365.mp4,energetic,features_missing_or_unreadable
energetic_6002033.mp4,energetic/energetic_6002033.mp4,energetic,features_missing_or_unreadable
energetic_6002528.mp4,energetic/energetic_6002528.mp4,energetic,features_missing_or_unreadable
energetic_6008790.mp4,energetic/energetic_6008790.mp4,energetic,features_missing_or_unreadable
energetic_6008795.mp4,energetic/energetic_6008795.mp4,energetic,features_missing_or_unreadable
energetic_6032849.mp4,energetic/energetic_6032849.mp4,energetic,features_missing_or_unreadable
energetic_7348382.mp4,energetic/energetic_7348382.mp4,energetic,features_missing_or_unreadable
energetic_7348383.mp4,energetic/energetic_7348383.mp4,energetic,features_missing_or_unreadable
energetic_8795407.mp4,energetic/energetic_8795407.mp4,energetic,features_missing_or_unreadable
energetic_9553522.mp4,energetic/energetic_9553522.mp4,energetic,features_missing_or_unreadable
energetic_9723984.mp4,energetic/energetic_9723984.mp4,energetic,features_missing_or_unreadable
epic_12286207.mp4,epic/epic_12286207.mp4,epic,features_missing_or_unreadable
epic_12460328.mp4,epic/epic_12460328.mp4,epic,features_missing_or_unreadable
epic_13573638.mp4,epic/epic_13573638.mp4,epic,features_missing_or_unreadable
epic_17792622.mp4,epic/epic_17792622.mp4,epic,features_missing_or_unreadable
epic_20770858.mp4,epic/epic_20770858.mp4,epic,features_missing_or_unreadable
epic_26052261.mp4,epic/epic_26052261.mp4,epic,features_missing_or_unreadable
epic_28434343.mp4,epic/epic_28434343.mp4,epic,features_missing_or_unreadable
epic_28635672.mp4,epic/epic_28635672.mp4,epic,features_missing_or_unreadable
epic_28838004.mp4,epic/epic_28838004.mp4,epic,features_missing_or_unreadable
epic_28870671.mp4,epic/epic_28870671.mp4,epic,features_missing_or_unreadable
epic_29024795.mp4,epic/epic_29024795.mp4,epic,features_missing_or_unreadable
epic_29213693.mp4,epic/epic_29213693.mp4,epic,features_missing_or_unreadable
epic_29747754.mp4,epic/epic_29747754.mp4,epic,features_missing_or_unreadable
epic_30094109.mp4,epic/epic_30094109.mp4,epic,features_missing_or_unreadable
epic_30146916.mp4,epic/epic_30146916.mp4,epic,features_missing_or_unreadable
epic_30176759.mp4,epic/epic_30176759.mp4,epic,features_missing_or_unreadable
epic_30221295.mp4,epic/epic_30221295.mp4,epic,features_missing_or_unreadable
epic_30402467.mp4,epic/epic_30402467.mp4,epic,features_missing_or_unreadable
epic_30840469.mp4,epic/epic_30840469.mp4,epic,features_missing_or_unreadable
epic_31071158.mp4,epic/epic_31071158.mp4,epic,features_missing_or_unreadable
epic_31734229.mp4,epic/epic_31734229.mp4,epic,features_missing_or_unreadable
epic_31784535.mp4,epic/epic_31784535.mp4,epic,features_missing_or_unreadable
epic_32458352.mp4,epic/epic_32458352.mp4,epic,features_missing_or_unreadable
epic_32486499.mp4,epic/epic_32486499.mp4,epic,features_missing_or_unreadable
epic_33058906.mp4,epic/epic_33058906.mp4,epic,features_missing_or_unreadable
epic_33143041.mp4,epic/epic_33143041.mp4,epic,features_missing_or_unreadable
epic_33526159.mp4,epic/epic_33526159.mp4,epic,features_missing_or_unreadable
epic_33638648.mp4,epic/epic_33638648.mp4,epic,features_missing_or_unreadable
epic_33638649.mp4,epic/epic_33638649.mp4,epic,features_missing_or_unreadable
epic_34162473.mp4,epic/epic_34162473.mp4,epic,features_missing_or_unreadable
epic_34305659.mp4,epic/epic_34305659.mp4,epic,features_missing_or_unreadable
epic_34558673.mp4,epic/epic_34558673.mp4,epic,features_missing_or_unreadable
epic_34588746.mp4,epic/epic_34588746.mp4,epic,features_missing_or_unreadable
epic_34885409.mp4,epic/epic_34885409.mp4,epic,features_missing_or_unreadable
epic_35284291.mp4,epic/epic_35284291.mp4,epic,features_missing_or_unreadable
epic_35702897.mp4,epic/epic_35702897.mp4,epic,features_missing_or_unreadable
epic_35860381.mp4,epic/epic_35860381.mp4,epic,features_missing_or_unreadable
epic_35860390.mp4,epic/epic_35860390.mp4,epic,features_missing_or_unreadable
epic_36008109.mp4,epic/epic_36008109.mp4,epic,features_missing_or_unreadable
epic_36118429.mp4,epic/epic_36118429.mp4,epic,features_missing_or_unreadable
epic_36174863.mp4,epic/epic_36174863.mp4,epic,features_missing_or_unreadable
epic_36230304.mp4,epic/epic_36230304.mp4,epic,features_missing_or_unreadable
epic_36259626.mp4,epic/epic_36259626.mp4,epic,features_missing_or_unreadable
epic_36432328.mp4,epic/epic_36432328.mp4,epic,features_missing_or_unreadable
epic_36539241.mp4,epic/epic_36539241.mp4,epic,features_missing_or_unreadable
epic_36707652.mp4,epic/epic_36707652.mp4,epic,features_missing_or_unreadable
epic_4763828.mp4,epic/epic_4763828.mp4,epic,features_missing_or_unreadable
epic_5992599.mp4,epic/epic_5992599.mp4,epic,features_missing_or_unreadable
epic_6175187.mp4,epic/epic_6175187.mp4,epic,features_missing_or_unreadable
epic_7592851.mp4,epic/epic_7592851.mp4,epic,features_missing_or_unreadable
epic_7593613.mp4,epic/epic_7593613.mp4,epic,features_missing_or_unreadable
epic_8062900.mp4,epic/epic_8062900.mp4,epic,features_missing_or_unreadable
epic_9940813.mp4,epic/epic_9940813.mp4,epic,features_missing_or_unreadable
happy_10071341.mp4,happy/happy_10071341.mp4,happy,features_missing_or_unreadable
happy_15409589.mp4,happy/happy_15409589.mp4,happy,features_missing_or_unreadable
happy_15520346.mp4,happy/happy_15520346.mp4,happy,features_missing_or_unreadable
happy_16234554.mp4,happy/happy_16234554.mp4,happy,features_missing_or_unreadable
happy_18511980.mp4,happy/happy_18511980.mp4,happy,features_missing_or_unreadable
happy_19735217.mp4,happy/happy_19735217.mp4,happy,features_missing_or_unreadable
happy_25534039.mp4,happy/happy_25534039.mp4,happy,features_missing_or_unreadable
happy_27691326.mp4,happy/happy_27691326.mp4,happy,features_missing_or_unreadable
happy_28321619.mp4,happy/happy_28321619.mp4,happy,features_missing_or_unreadable
happy_28554552.mp4,happy/happy_28554552.mp4,happy,features_missing_or_unreadable
happy_29157320.mp4,happy/happy_29157320.mp4,happy,features_missing_or_unreadable
happy_29183697.mp4,happy/happy_29183697.mp4,happy,features_missing_or_unreadable
happy_29491157.mp4,happy/happy_29491157.mp4,happy,features_missing_or_unreadable
happy_30067485.mp4,happy/happy_30067485.mp4,happy,features_missing_or_unreadable
happy_30485101.mp4,happy/happy_30485101.mp4,happy,features_missing_or_unreadable
happy_32156299.mp4,happy/happy_32156299.mp4,happy,features_missing_or_unreadable
happy_32501038.mp4,happy/happy_32501038.mp4,happy,features_missing_or_unreadable
happy_32638379.mp4,happy/happy_32638379.mp4,happy,features_missing_or_unreadable
happy_32658991.mp4,happy/happy_32658991.mp4,happy,features_missing_or_unreadable
happy_33491955.mp4,happy/happy_33491955.mp4,happy,features_missing_or_unreadable
happy_34163978.mp4,happy/happy_34163978.mp4,happy,features_missing_or_unreadable
happy_34218584.mp4,happy/happy_34218584.mp4,happy,features_missing_or_unreadable
happy_34738538.mp4,happy/happy_34738538.mp4,happy,features_missing_or_unreadable
happy_34768272.mp4,happy/happy_34768272.mp4,happy,features_missing_or_unreadable
happy_35194093.mp4,happy/happy_35194093.mp4,happy,features_missing_or_unreadable
happy_35445574.mp4,happy/happy_35445574.mp4,happy,features_missing_or_unreadable
happy_4753979.mp4,happy/happy_4753979.mp4,happy,features_missing_or_unreadable
happy_5045425.mp4,happy/happy_5045425.mp4,happy,features_missing_or_unreadable
happy_5045657.mp4,happy/happy_5045657.mp4,happy,features_missing_or_unreadable
happy_5530014.mp4,happy/happy_5530014.mp4,happy,features_missing_or_unreadable
happy_6319579.mp4,happy/happy_6319579.mp4,happy,features_missing_or_unreadable
happy_6800633.mp4,happy/happy_6800633.mp4,happy,features_missing_or_unreadable
happy_6802882.mp4,happy/happy_6802882.mp4,happy,features_missing_or_unreadable
happy_7783065.mp4,happy/happy_7783065.mp4,happy,features_missing_or_unreadable
happy_7849918.mp4,happy/happy_7849918.mp4,happy,features_missing_or_unreadable
happy_7849994.mp4,happy/happy_7849994.mp4,happy,features_missing_or_unreadable
happy_7850416.mp4,happy/happy_7850416.mp4,happy,features_missing_or_unreadable
happy_7988338.mp4,happy/happy_7988338.mp4,happy,features_missing_or_unreadable
happy_7988341.mp4,happy/happy_7988341.mp4,happy,features_missing_or_unreadable
happy_8028128.mp4,happy/happy_8028128.mp4,happy,features_missing_or_unreadable
happy_8070753.mp4,happy/happy_8070753.mp4,happy,features_missing_or_unreadable
happy_8416642.mp4,happy/happy_8416642.mp4,happy,features_missing_or_unreadable
happy_8456030.mp4,happy/happy_8456030.mp4,happy,features_missing_or_unreadable
happy_8456350.mp4,happy/happy_8456350.mp4,happy,features_missing_or_unreadable
happy_8456360.mp4,happy/happy_8456360.mp4,happy,features_missing_or_unreadable
happy_8456361.mp4,happy/happy_8456361.mp4,happy,features_missing_or_unreadable
happy_8456432.mp4,happy/happy_8456432.mp4,happy,features_missing_or_unreadable
happy_8509576.mp4,happy/happy_8509576.mp4,happy,features_missing_or_unreadable
happy_8515094.mp4,happy/happy_8515094.mp4,happy,features_missing_or_unreadable
happy_8695010.mp4,happy/happy_8695010.mp4,happy,features_missing_or_unreadable
happy_8854001.mp4,happy/happy_8854001.mp4,happy,features_missing_or_unreadable
happy_8865808.mp4,happy/happy_8865808.mp4,happy,features_missing_or_unreadable
happy_8928244.mp4,happy/happy_8928244.mp4,happy,features_missing_or_unreadable
happy_8928300.mp4,happy/happy_8928300.mp4,happy,features_missing_or_unreadable
happy_8929228.mp4,happy/happy_8929228.mp4,happy,features_missing_or_unreadable
happy_8929496.mp4,happy/happy_8929496.mp4,happy,features_missing_or_unreadable
happy_8929507.mp4,happy/happy_8929507.mp4,happy,features_missing_or_unreadable
happy_9187875.mp4,happy/happy_9187875.mp4,happy,features_missing_or_unreadable
happy_9187880.mp4,happy/happy_9187880.mp4,happy,features_missing_or_unreadable
happy_9187960.mp4,happy/happy_9187960.mp4,happy,features_missing_or_unreadable
happy_9687474.mp4,happy/happy_9687474.mp4,happy,features_missing_or_unreadable
energetic_11372822.mp4,melancholic/energetic_11372822.mp4,melancholic,features_missing_or_unreadable
energetic_11745565.mp4,melancholic/energetic_11745565.mp4,melancholic,features_missing_or_unreadable
energetic_28698336.mp4,melancholic/energetic_28698336.mp4,melancholic,features_missing_or_unreadable
energetic_32220524.mp4,melancholic/energetic_32220524.mp4,melancholic,features_missing_or_unreadable
energetic_32263573.mp4,melancholic/energetic_32263573.mp4,melancholic,features_missing_or_unreadable
melancholic_10336272.mp4,melancholic/melancholic_10336272.mp4,melancholic,features_missing_or_unreadable
melancholic_10569020.mp4,melancholic/melancholic_10569020.mp4,melancholic,features_missing_or_unreadable
melancholic_10931206.mp4,melancholic/melancholic_10931206.mp4,melancholic,features_missing_or_unreadable
melancholic_11334080.mp4,melancholic/melancholic_11334080.mp4,melancholic,features_missing_or_unreadable
melancholic_12742709.mp4,melancholic/melancholic_12742709.mp4,melancholic,features_missing_or_unreadable
melancholic_13689923.mp4,melancholic/melancholic_13689923.mp4,melancholic,features_missing_or_unreadable
melancholic_17713400.mp4,melancholic/melancholic_17713400.mp4,melancholic,features_missing_or_unreadable
melancholic_18075634.mp4,melancholic/melancholic_18075634.mp4,melancholic,features_missing_or_unreadable
melancholic_18865959.mp4,melancholic/melancholic_18865959.mp4,melancholic,features_missing_or_unreadable
melancholic_19157961.mp4,melancholic/melancholic_19157961.mp4,melancholic,features_missing_or_unreadable
melancholic_19816870.mp4,melancholic/melancholic_19816870.mp4,melancholic,features_missing_or_unreadable
melancholic_19861358.mp4,melancholic/melancholic_19861358.mp4,melancholic,features_missing_or_unreadable
melancholic_19933080.mp4,melancholic/melancholic_19933080.mp4,melancholic,features_missing_or_unreadable
melancholic_20642980.mp4,melancholic/melancholic_20642980.mp4,melancholic,features_missing_or_unreadable
melancholic_29615714.mp4,melancholic/melancholic_29615714.mp4,melancholic,features_missing_or_unreadable
melancholic_29787263.mp4,melancholic/melancholic_29787263.mp4,melancholic,features_missing_or_unreadable
melancholic_30116114.mp4,melancholic/melancholic_30116114.mp4,melancholic,features_missing_or_unreadable
melancholic_30340086.mp4,melancholic/melancholic_30340086.mp4,melancholic,features_missing_or_unreadable
melancholic_30734889.mp4,melancholic/melancholic_30734889.mp4,melancholic,features_missing_or_unreadable
melancholic_30754105.mp4,melancholic/melancholic_30754105.mp4,melancholic,features_missing_or_unreadable
melancholic_31059898.mp4,melancholic/melancholic_31059898.mp4,melancholic,features_missing_or_unreadable
melancholic_32093955.mp4,melancholic/melancholic_32093955.mp4,melancholic,features_missing_or_unreadable
melancholic_32829352.mp4,melancholic/melancholic_32829352.mp4,melancholic,features_missing_or_unreadable
melancholic_34528212.mp4,melancholic/melancholic_34528212.mp4,melancholic,features_missing_or_unreadable
melancholic_34626565.mp4,melancholic/melancholic_34626565.mp4,melancholic,features_missing_or_unreadable
melancholic_34709542.mp4,melancholic/melancholic_34709542.mp4,melancholic,features_missing_or_unreadable
melancholic_34752214.mp4,melancholic/melancholic_34752214.mp4,melancholic,features_missing_or_unreadable
melancholic_34841453.mp4,melancholic/melancholic_34841453.mp4,melancholic,features_missing_or_unreadable
melancholic_34941931.mp4,melancholic/melancholic_34941931.mp4,melancholic,features_missing_or_unreadable
melancholic_34941941.mp4,melancholic/melancholic_34941941.mp4,melancholic,features_missing_or_unreadable
melancholic_35035972.mp4,melancholic/melancholic_35035972.mp4,melancholic,features_missing_or_unreadable
melancholic_35180823.mp4,melancholic/melancholic_35180823.mp4,melancholic,features_missing_or_unreadable
melancholic_35387636.mp4,melancholic/melancholic_35387636.mp4,melancholic,features_missing_or_unreadable
melancholic_35469750.mp4,melancholic/melancholic_35469750.mp4,melancholic,features_missing_or_unreadable
melancholic_35485871.mp4,melancholic/melancholic_35485871.mp4,melancholic,features_missing_or_unreadable
melancholic_35603478.mp4,melancholic/melancholic_35603478.mp4,melancholic,features_missing_or_unreadable
melancholic_35629927.mp4,melancholic/melancholic_35629927.mp4,melancholic,features_missing_or_unreadable
melancholic_35656183.mp4,melancholic/melancholic_35656183.mp4,melancholic,features_missing_or_unreadable
melancholic_35728944.mp4,melancholic/melancholic_35728944.mp4,melancholic,features_missing_or_unreadable
melancholic_35745698.mp4,melancholic/melancholic_35745698.mp4,melancholic,features_missing_or_unreadable
melancholic_35745700.mp4,melancholic/melancholic_35745700.mp4,melancholic,features_missing_or_unreadable
melancholic_35783660.mp4,melancholic/melancholic_35783660.mp4,melancholic,features_missing_or_unreadable
melancholic_35797550.mp4,melancholic/melancholic_35797550.mp4,melancholic,features_missing_or_unreadable
melancholic_35833931.mp4,melancholic/melancholic_35833931.mp4,melancholic,features_missing_or_unreadable
melancholic_35856019.mp4,melancholic/melancholic_35856019.mp4,melancholic,features_missing_or_unreadable
melancholic_36104403.mp4,melancholic/melancholic_36104403.mp4,melancholic,features_missing_or_unreadable
melancholic_36207172.mp4,melancholic/melancholic_36207172.mp4,melancholic,features_missing_or_unreadable
melancholic_36554100.mp4,melancholic/melancholic_36554100.mp4,melancholic,features_missing_or_unreadable
melancholic_36601677.mp4,melancholic/melancholic_36601677.mp4,melancholic,features_missing_or_unreadable
melancholic_36602425.mp4,melancholic/melancholic_36602425.mp4,melancholic,features_missing_or_unreadable
melancholic_36637655.mp4,melancholic/melancholic_36637655.mp4,melancholic,features_missing_or_unreadable
melancholic_36756247.mp4,melancholic/melancholic_36756247.mp4,melancholic,features_missing_or_unreadable
melancholic_4077514.mp4,melancholic/melancholic_4077514.mp4,melancholic,features_missing_or_unreadable
melancholic_4536563.mp4,melancholic/melancholic_4536563.mp4,melancholic,features_missing_or_unreadable
melancholic_4536569.mp4,melancholic/melancholic_4536569.mp4,melancholic,features_missing_or_unreadable
melancholic_6650212.mp4,melancholic/melancholic_6650212.mp4,melancholic,features_missing_or_unreadable
melancholic_7251553.mp4,melancholic/melancholic_7251553.mp4,melancholic,features_missing_or_unreadable
melancholic_9216075.mp4,melancholic/melancholic_9216075.mp4,melancholic,features_missing_or_unreadable
melancholic_9462888.mp4,melancholic/melancholic_9462888.mp4,melancholic,features_missing_or_unreadable
melancholic_9921013.mp4,melancholic/melancholic_9921013.mp4,melancholic,features_missing_or_unreadable
melancholic_9921064.mp4,melancholic/melancholic_9921064.mp4,melancholic,features_missing_or_unreadable
melancholic_9921183.mp4,melancholic/melancholic_9921183.mp4,melancholic,features_missing_or_unreadable
energetic_35497883.mp4,relaxing/energetic_35497883.mp4,relaxing,features_missing_or_unreadable
epic_36708257.mp4,relaxing/epic_36708257.mp4,relaxing,features_missing_or_unreadable
melancholic_31633877.mp4,relaxing/melancholic_31633877.mp4,relaxing,features_missing_or_unreadable
relaxing_11179448.mp4,relaxing/relaxing_11179448.mp4,relaxing,features_missing_or_unreadable
relaxing_12278362.mp4,relaxing/relaxing_12278362.mp4,relaxing,features_missing_or_unreadable
relaxing_15365456.mp4,relaxing/relaxing_15365456.mp4,relaxing,features_missing_or_unreadable
relaxing_17733399.mp4,relaxing/relaxing_17733399.mp4,relaxing,features_missing_or_unreadable
relaxing_18209686.mp4,relaxing/relaxing_18209686.mp4,relaxing,features_missing_or_unreadable
relaxing_19147133.mp4,relaxing/relaxing_19147133.mp4,relaxing,features_missing_or_unreadable
relaxing_25242933.mp4,relaxing/relaxing_25242933.mp4,relaxing,features_missing_or_unreadable
relaxing_27100100.mp4,relaxing/relaxing_27100100.mp4,relaxing,features_missing_or_unreadable
relaxing_27776073.mp4,relaxing/relaxing_27776073.mp4,relaxing,features_missing_or_unreadable
relaxing_29012126.mp4,relaxing/relaxing_29012126.mp4,relaxing,features_missing_or_unreadable
relaxing_29538074.mp4,relaxing/relaxing_29538074.mp4,relaxing,features_missing_or_unreadable
relaxing_29987599.mp4,relaxing/relaxing_29987599.mp4,relaxing,features_missing_or_unreadable
relaxing_30141041.mp4,relaxing/relaxing_30141041.mp4,relaxing,features_missing_or_unreadable
relaxing_30639171.mp4,relaxing/relaxing_30639171.mp4,relaxing,features_missing_or_unreadable
relaxing_31051029.mp4,relaxing/relaxing_31051029.mp4,relaxing,features_missing_or_unreadable
relaxing_31160414.mp4,relaxing/relaxing_31160414.mp4,relaxing,features_missing_or_unreadable
relaxing_32006144.mp4,relaxing/relaxing_32006144.mp4,relaxing,features_missing_or_unreadable
relaxing_32138878.mp4,relaxing/relaxing_32138878.mp4,relaxing,features_missing_or_unreadable
relaxing_32157425.mp4,relaxing/relaxing_32157425.mp4,relaxing,features_missing_or_unreadable
relaxing_32192482.mp4,relaxing/relaxing_32192482.mp4,relaxing,features_missing_or_unreadable
relaxing_32458352.mp4,relaxing/relaxing_32458352.mp4,relaxing,features_missing_or_unreadable
relaxing_32518384.mp4,relaxing/relaxing_32518384.mp4,relaxing,features_missing_or_unreadable
relaxing_33032826.mp4,relaxing/relaxing_33032826.mp4,relaxing,features_missing_or_unreadable
relaxing_33098316.mp4,relaxing/relaxing_33098316.mp4,relaxing,features_missing_or_unreadable
relaxing_33098374.mp4,relaxing/relaxing_33098374.mp4,relaxing,features_missing_or_unreadable
relaxing_33098375.mp4,relaxing/relaxing_33098375.mp4,relaxing,features_missing_or_unreadable
relaxing_33098412.mp4,relaxing/relaxing_33098412.mp4,relaxing,features_missing_or_unreadable
relaxing_33885240.mp4,relaxing/relaxing_33885240.mp4,relaxing,features_missing_or_unreadable
relaxing_34078226.mp4,relaxing/relaxing_34078226.mp4,relaxing,features_missing_or_unreadable
relaxing_34142319.mp4,relaxing/relaxing_34142319.mp4,relaxing,features_missing_or_unreadable
relaxing_34275311.mp4,relaxing/relaxing_34275311.mp4,relaxing,features_missing_or_unreadable
relaxing_34361971.mp4,relaxing/relaxing_34361971.mp4,relaxing,features_missing_or_unreadable
relaxing_34432841.mp4,relaxing/relaxing_34432841.mp4,relaxing,features_missing_or_unreadable
relaxing_34442954.mp4,relaxing/relaxing_34442954.mp4,relaxing,features_missing_or_unreadable
relaxing_34453037.mp4,relaxing/relaxing_34453037.mp4,relaxing,features_missing_or_unreadable
relaxing_35022853.mp4,relaxing/relaxing_35022853.mp4,relaxing,features_missing_or_unreadable
relaxing_35022864.mp4,relaxing/relaxing_35022864.mp4,relaxing,features_missing_or_unreadable
relaxing_35124692.mp4,relaxing/relaxing_35124692.mp4,relaxing,features_missing_or_unreadable
relaxing_35178759.mp4,relaxing/relaxing_35178759.mp4,relaxing,features_missing_or_unreadable
relaxing_35259692.mp4,relaxing/relaxing_35259692.mp4,relaxing,features_missing_or_unreadable
relaxing_35372952.mp4,relaxing/relaxing_35372952.mp4,relaxing,features_missing_or_unreadable
relaxing_35549305.mp4,relaxing/relaxing_35549305.mp4,relaxing,features_missing_or_unreadable
relaxing_35594925.mp4,relaxing/relaxing_35594925.mp4,relaxing,features_missing_or_unreadable
relaxing_35626990.mp4,relaxing/relaxing_35626990.mp4,relaxing,features_missing_or_unreadable
relaxing_35627290.mp4,relaxing/relaxing_35627290.mp4,relaxing,features_missing_or_unreadable
relaxing_35918965.mp4,relaxing/relaxing_35918965.mp4,relaxing,features_missing_or_unreadable
relaxing_36470103.mp4,relaxing/relaxing_36470103.mp4,relaxing,features_missing_or_unreadable
relaxing_36755682.mp4,relaxing/relaxing_36755682.mp4,relaxing,features_missing_or_unreadable
relaxing_36794103.mp4,relaxing/relaxing_36794103.mp4,relaxing,features_missing_or_unreadable
relaxing_4945242.mp4,relaxing/relaxing_4945242.mp4,relaxing,features_missing_or_unreadable
relaxing_7048628.mp4,relaxing/relaxing_7048628.mp4,relaxing,features_missing_or_unreadable
relaxing_7121076.mp4,relaxing/relaxing_7121076.mp4,relaxing,features_missing_or_unreadable
relaxing_7668733.mp4,relaxing/relaxing_7668733.mp4,relaxing,features_missing_or_unreadable
relaxing_8348125.mp4,relaxing/relaxing_8348125.mp4,relaxing,features_missing_or_unreadable
relaxing_9222045.mp4,relaxing/relaxing_9222045.mp4,relaxing,features_missing_or_unreadable
epic_4762419.mp4,romantic/epic_4762419.mp4,romantic,features_missing_or_unreadable
epic_4763827.mp4,romantic/epic_4763827.mp4,romantic,features_missing_or_unreadable
romantic_10103337.mp4,romantic/romantic_10103337.mp4,romantic,features_missing_or_unreadable
romantic_10154696.mp4,romantic/romantic_10154696.mp4,romantic,features_missing_or_unreadable
romantic_10276178.mp4,romantic/romantic_10276178.mp4,romantic,features_missing_or_unreadable
romantic_10276467.mp4,romantic/romantic_10276467.mp4,romantic,features_missing_or_unreadable
romantic_18148527.mp4,romantic/romantic_18148527.mp4,romantic,features_missing_or_unreadable
romantic_18849973.mp4,romantic/romantic_18849973.mp4,romantic,features_missing_or_unreadable
romantic_19155830.mp4,romantic/romantic_19155830.mp4,romantic,features_missing_or_unreadable
romantic_19466441.mp4,romantic/romantic_19466441.mp4,romantic,features_missing_or_unreadable
romantic_19697686.mp4,romantic/romantic_19697686.mp4,romantic,features_missing_or_unreadable
romantic_19975176.mp4,romantic/romantic_19975176.mp4,romantic,features_missing_or_unreadable
romantic_20563430.mp4,romantic/romantic_20563430.mp4,romantic,features_missing_or_unreadable
romantic_27268696.mp4,romantic/romantic_27268696.mp4,romantic,features_missing_or_unreadable
romantic_29800507.mp4,romantic/romantic_29800507.mp4,romantic,features_missing_or_unreadable
romantic_29800508.mp4,romantic/romantic_29800508.mp4,romantic,features_missing_or_unreadable
romantic_29906389.mp4,romantic/romantic_29906389.mp4,romantic,features_missing_or_unreadable
romantic_30574535.mp4,romantic/romantic_30574535.mp4,romantic,features_missing_or_unreadable
romantic_31261853.mp4,romantic/romantic_31261853.mp4,romantic,features_missing_or_unreadable
romantic_31348586.mp4,romantic/romantic_31348586.mp4,romantic,features_missing_or_unreadable
romantic_32009965.mp4,romantic/romantic_32009965.mp4,romantic,features_missing_or_unreadable
romantic_32144037.mp4,romantic/romantic_32144037.mp4,romantic,features_missing_or_unreadable
romantic_32314224.mp4,romantic/romantic_32314224.mp4,romantic,features_missing_or_unreadable
romantic_33126110.mp4,romantic/romantic_33126110.mp4,romantic,features_missing_or_unreadable
romantic_33129963.mp4,romantic/romantic_33129963.mp4,romantic,features_missing_or_unreadable
romantic_33491955.mp4,romantic/romantic_33491955.mp4,romantic,features_missing_or_unreadable
romantic_33976025.mp4,romantic/romantic_33976025.mp4,romantic,features_missing_or_unreadable
romantic_34338621.mp4,romantic/romantic_34338621.mp4,romantic,features_missing_or_unreadable
romantic_34446322.mp4,romantic/romantic_34446322.mp4,romantic,features_missing_or_unreadable
romantic_34555962.mp4,romantic/romantic_34555962.mp4,romantic,features_missing_or_unreadable
romantic_34690672.mp4,romantic/romantic_34690672.mp4,romantic,features_missing_or_unreadable
romantic_34696361.mp4,romantic/romantic_34696361.mp4,romantic,features_missing_or_unreadable
romantic_35048742.mp4,romantic/romantic_35048742.mp4,romantic,features_missing_or_unreadable
romantic_35088449.mp4,romantic/romantic_35088449.mp4,romantic,features_missing_or_unreadable
romantic_35088512.mp4,romantic/romantic_35088512.mp4,romantic,features_missing_or_unreadable
romantic_35088517.mp4,romantic/romantic_35088517.mp4,romantic,features_missing_or_unreadable
romantic_35234511.mp4,romantic/romantic_35234511.mp4,romantic,features_missing_or_unreadable
romantic_35433817.mp4,romantic/romantic_35433817.mp4,romantic,features_missing_or_unreadable
romantic_35626543.mp4,romantic/romantic_35626543.mp4,romantic,features_missing_or_unreadable
romantic_36238796.mp4,romantic/romantic_36238796.mp4,romantic,features_missing_or_unreadable
romantic_36512423.mp4,romantic/romantic_36512423.mp4,romantic,features_missing_or_unreadable
romantic_36745459.mp4,romantic/romantic_36745459.mp4,romantic,features_missing_or_unreadable
romantic_6004320.mp4,romantic/romantic_6004320.mp4,romantic,features_missing_or_unreadable
romantic_6316946.mp4,romantic/romantic_6316946.mp4,romantic,features_missing_or_unreadable
romantic_6319579.mp4,romantic/romantic_6319579.mp4,romantic,features_missing_or_unreadable
romantic_7147170.mp4,romantic/romantic_7147170.mp4,romantic,features_missing_or_unreadable
romantic_7205780.mp4,romantic/romantic_7205780.mp4,romantic,features_missing_or_unreadable
romantic_7206158.mp4,romantic/romantic_7206158.mp4,romantic,features_missing_or_unreadable
romantic_7505919.mp4,romantic/romantic_7505919.mp4,romantic,features_missing_or_unreadable
romantic_8038468.mp4,romantic/romantic_8038468.mp4,romantic,features_missing_or_unreadable
romantic_8038479.mp4,romantic/romantic_8038479.mp4,romantic,features_missing_or_unreadable
romantic_8065084.mp4,romantic/romantic_8065084.mp4,romantic,features_missing_or_unreadable
romantic_8084901.mp4,romantic/romantic_8084901.mp4,romantic,features_missing_or_unreadable
romantic_8085500.mp4,romantic/romantic_8085500.mp4,romantic,features_missing_or_unreadable
romantic_8230815.mp4,romantic/romantic_8230815.mp4,romantic,features_missing_or_unreadable
romantic_8440530.mp4,romantic/romantic_8440530.mp4,romantic,features_missing_or_unreadable
romantic_9034592.mp4,romantic/romantic_9034592.mp4,romantic,features_missing_or_unreadable
romantic_9704641.mp4,romantic/romantic_9704641.mp4,romantic,features_missing_or_unreadable
romantic_9756617.mp4,romantic/romantic_9756617.mp4,romantic,features_missing_or_unreadable
romantic_9968175.mp4,romantic/romantic_9968175.mp4,romantic,features_missing_or_unreadable
